;Path;Image;Hash;Features
0;Upload\uploaded_image.png;"[[103  99  61 ... 143 124 119]
 [ 76 126 113 ... 130 129 125]
 [ 77  64  95 ... 125 118 111]
 ...
 [150 125 115 ... 117 120 123]
 [111 115 173 ... 129 142 109]
 [167 189 137 ... 116 110 140]]";b'\xa3\x87\x912U\x86\xaa\x9e\xa7\xed\xc7\xcel\xa4e\x18\x1f\xf8\xc2\xbfA\xe8\xc4F6\xd2\xc1q\xa3r\xb0\x11';[0.1243323  0.06973384 0.23021492 ... 0.         0.12310288 0.24218719]
